Workbook

Sheet Price Data
A1: Enter monthly adjusted close prices
A3: Month | B3: Reliance | C3: HDFC Bank | D3: TCS | E3: ITC | F3: Infosys
A4: M1
A5: M2
A6: M3
A7: M4
A8: M5
A9: M6
A10: M7
A11: M8
A12: M9
A13: M10
A14: M11
A15: M12
... A39: M36

Sheet Returns
A1: Monthly Returns
A3: Month | B3: Reliance | C3: HDFC Bank | D3: TCS | E3: ITC | F3: Infosys
A5: M1 | B5: ='Price Data'!B5/'Price Data'!B4-1 | C5: ='Price Data'!C5/'Price Data'!C4-1 | D5: ='Price Data'!D5/'Price Data'!D4-1 | E5: ='Price Data'!E5/'Price Data'!E4-1 | F5: ='Price Data'!F5/'Price Data'!F4-1
A6: M2 | B6: ='Price Data'!B6/'Price Data'!B5-1 | C6: ='Price Data'!C6/'Price Data'!C5-1 | D6: ='Price Data'!D6/'Price Data'!D5-1 | E6: ='Price Data'!E6/'Price Data'!E5-1 | F6: ='Price Data'!F6/'Price Data'!F5-1
A7: M3 | B7: ='Price Data'!B7/'Price Data'!B6-1 | C7: ='Price Data'!C7/'Price Data'!C6-1 | D7: ='Price Data'!D7/'Price Data'!D6-1 | E7: ='Price Data'!E7/'Price Data'!E6-1 | F7: ='Price Data'!F7/'Price Data'!F6-1
A8: M4 | B8: ='Price Data'!B8/'Price Data'!B7-1 | C8: ='Price Data'!C8/'Price Data'!C7-1 | D8: ='Price Data'!D8/'Price Data'!D7-1 | E8: ='Price Data'!E8/'Price Data'!E7-1 | F8: ='Price Data'!F8/'Price Data'!F7-1
A9: M5 | B9: ='Price Data'!B9/'Price Data'!B8-1 | C9: ='Price Data'!C9/'Price Data'!C8-1 | D9: ='Price Data'!D9/'Price Data'!D8-1 | E9: ='Price Data'!E9/'Price Data'!E8-1 | F9: ='Price Data'!F9/'Price Data'!F8-1
A10: M6 | B10: ='Price Data'!B10/'Price Data'!B9-1 | C10: ='Price Data'!C10/'Price Data'!C9-1 | D10: ='Price Data'!D10/'Price Data'!D9-1 | E10: ='Price Data'!E10/'Price Data'!E9-1 | F10: ='Price Data'!F10/'Price Data'!F9-1
A11: M7 | B11: ='Price Data'!B11/'Price Data'!B10-1 | C11: ='Price Data'!C11/'Price Data'!C10-1 | D11: ='Price Data'!D11/'Price Data'!D10-1 | E11: ='Price Data'!E11/'Price Data'!E10-1 | F11: ='Price Data'!F11/'Price Data'!F10-1
A12: M8 | B12: ='Price Data'!B12/'Price Data'!B11-1 | C12: ='Price Data'!C12/'Price Data'!C11-1 | D12: ='Price Data'!D12/'Price Data'!D11-1 | E12: ='Price Data'!E12/'Price Data'!E11-1 | F12: ='Price Data'!F12/'Price Data'!F11-1
A13: M9 | B13: ='Price Data'!B13/'Price Data'!B12-1 | C13: ='Price Data'!C13/'Price Data'!C12-1 | D13: ='Price Data'!D13/'Price Data'!D12-1 | E13: ='Price Data'!E13/'Price Data'!E12-1 | F13: ='Price Data'!F13/'Price Data'!F12-1
A14: M10 | B14: ='Price Data'!B14/'Price Data'!B13-1 | C14: ='Price Data'!C14/'Price Data'!C13-1 | D14: ='Price Data'!D14/'Price Data'!D13-1 | E14: ='Price Data'!E14/'Price Data'!E13-1 | F14: ='Price Data'!F14/'Price Data'!F13-1
A15: M11 | B15: ='Price Data'!B15/'Price Data'!B14-1 | C15: ='Price Data'!C15/'Price Data'!C14-1 | D15: ='Price Data'!D15/'Price Data'!D14-1 | E15: ='Price Data'!E15/'Price Data'!E14-1 | F15: ='Price Data'!F15/'Price Data'!F14-1
A16: M12 | B16: ='Price Data'!B16/'Price Data'!B15-1 | C16: ='Price Data'!C16/'Price Data'!C15-1 | D16: ='Price Data'!D16/'Price Data'!D15-1 | E16: ='Price Data'!E16/'Price Data'!E15-1 | F16: ='Price Data'!F16/'Price Data'!F15-1
... A39: M35 | B39: ='Price Data'!B39/'Price Data'!B38-1 | C39: ='Price Data'!C39/'Price Data'!C38-1 | D39: ='Price Data'!D39/'Price Data'!D38-1 | E39: ='Price Data'!E39/'Price Data'!E38-1 | F39: ='Price Data'!F39/'Price Data'!F38-1

Sheet Statistics
A1: Average Return & Risk
A3: Metric | B3: Reliance | C3: HDFC Bank | D3: TCS | E3: ITC | F3: Infosys
A4: Average Return | B4: =AVERAGE(Returns!B5:B39) | C4: =AVERAGE(Returns!C5:C39) | D4: =AVERAGE(Returns!D5:D39) | E4: =AVERAGE(Returns!E5:E39) | F4: =AVERAGE(Returns!F5:F39)
A5: Standard Deviation | B5: =STDEV.S(Returns!B5:B39) | C5: =STDEV.S(Returns!C5:C39) | D5: =STDEV.S(Returns!D5:D39) | E5: =STDEV.S(Returns!E5:E39) | F5: =STDEV.S(Returns!F5:F39)

Sheet Correlation
A1: Correlation Matrix
B3: Reliance | C3: HDFC Bank | D3: TCS | E3: ITC | F3: Infosys
A4: Reliance | B4: =CORREL(Returns!B5:B39,Returns!B5:B39) | C4: =CORREL(Returns!B5:B39,Returns!C5:C39) | D4: =CORREL(Returns!B5:B39,Returns!D5:D39) | E4: =CORREL(Returns!B5:B39,Returns!E5:E39) | F4: =CORREL(Returns!B5:B39,Returns!F5:F39)
A5: HDFC Bank | B5: =CORREL(Returns!C5:C39,Returns!B5:B39) | C5: =CORREL(Returns!C5:C39,Returns!C5:C39) | D5: =CORREL(Returns!C5:C39,Returns!D5:D39) | E5: =CORREL(Returns!C5:C39,Returns!E5:E39) | F5: =CORREL(Returns!C5:C39,Returns!F5:F39)
A6: TCS | B6: =CORREL(Returns!D5:D39,Returns!B5:B39) | C6: =CORREL(Returns!D5:D39,Returns!C5:C39) | D6: =CORREL(Returns!D5:D39,Returns!D5:D39) | E6: =CORREL(Returns!D5:D39,Returns!E5:E39) | F6: =CORREL(Returns!D5:D39,Returns!F5:F39)
A7: ITC | B7: =CORREL(Returns!E5:E39,Returns!B5:B39) | C7: =CORREL(Returns!E5:E39,Returns!C5:C39) | D7: =CORREL(Returns!E5:E39,Returns!D5:D39) | E7: =CORREL(Returns!E5:E39,Returns!E5:E39) | F7: =CORREL(Returns!E5:E39,Returns!F5:F39)
A8: Infosys | B8: =CORREL(Returns!F5:F39,Returns!B5:B39) | C8: =CORREL(Returns!F5:F39,Returns!C5:C39) | D8: =CORREL(Returns!F5:F39,Returns!D5:D39) | E8: =CORREL(Returns!F5:F39,Returns!E5:E39) | F8: =CORREL(Returns!F5:F39,Returns!F5:F39)

Sheet Portfolio
A1: Portfolio Weights
A3: Stock | B3: Weight
A4: Reliance | B4: 0.2
A5: HDFC Bank | B5: 0.2
A6: TCS | B6: 0.2
A7: ITC | B7: 0.2
A8: Infosys | B8: 0.2
A10: Total Weight | B10: =SUM(B4:B8)
A12: Expected Portfolio Return | B12: =SUMPRODUCT(B4:B8,Statistics!B4:F4)
A13: Portfolio Risk | B13: =SQRT(SUMPRODUCT(B4:B8,Statistics!B5:F5,B4:B8))
